id_day_time_transaction,day and time transaction,Transaction Amount,Transaction Status,Transaction Type,id_platform
,2024-06-01 10:00:00,38940,Pendiente,Pago de Factura,
,2024-07-09 12:00:00,75145,Pendiente,Pago de Factura,
,2024-06-13 10:00:00,179217,Fallida,Pago de Factura,
,2024-07-26 13:00:00,51767,Fallida,Pago de Factura,
,2024-07-28 06:00:00,156501,Completada,Pago de Factura,
,2024-07-16 21:00:00,32428,Completada,Pago de Factura,
,2024-07-26 22:00:00,75301,Pendiente,Pago de Factura,
,2024-06-17 16:00:00,16870,Pendiente,Pago de Factura,
,2024-07-10 23:00:00,21794,Fallida,Pago de Factura,
,2024-06-19 23:00:00,193307,Completada,Pago de Factura,
,2024-06-01 06:00:00,159093,Completada,Pago de Factura,
,2024-07-12 19:00:00,174518,Pendiente,Pago de Factura,
,2024-07-04 12:00:00,110254,Fallida,Pago de Factura,
,2024-07-12 04:00:00,162283,Pendiente,Pago de Factura,
,2024-06-21 12:00:00,22161,Pendiente,Pago de Factura,
,2024-07-08 12:00:00,195775,Pendiente,Pago de Factura,
,2024-06-27 03:00:00,20824,Fallida,Pago de Factura,
,2024-07-09 05:00:00,191134,Completada,Pago de Factura,
,2024-06-16 20:00:00,62979,Completada,Pago de Factura,
,2024-06-08 22:00:00,36472,Fallida,Pago de Factura,
,2024-06-16 06:00:00,127881,Completada,Pago de Factura,
,2024-07-30 03:00:00,26317,Fallida,Pago de Factura,
,2024-07-27 01:00:00,147364,Pendiente,Pago de Factura,
,2024-06-26 01:00:00,153404,Pendiente,Pago de Factura,
,2024-07-07 10:00:00,14210,Completada,Pago de Factura,
,2024-06-08 19:00:00,49012,Completada,Pago de Factura,
,2024-06-28 06:00:00,40302,Fallida,Pago de Factura,
,2024-07-03 01:00:00,27833,Pendiente,Pago de Factura,
,2024-07-29 02:00:00,30313,Fallida,Pago de Factura,
,2024-07-26 20:00:00,134884,Fallida,Pago de Factura,
,2024-07-03 10:00:00,28982,Completada,Pago de Factura,
,2024-06-15 17:00:00,158030,Pendiente,Pago de Factura,
,2024-06-24 08:00:00,196009,Fallida,Pago de Factura,
,2024-06-22 17:00:00,68526,Pendiente,Pago de Factura,
,2024-06-23 12:00:00,165287,Completada,Pago de Factura,
,2024-06-28 11:00:00,178265,Fallida,Pago de Factura,
,2024-07-23 18:00:00,98069,Completada,Pago de Factura,
,2024-07-28 00:00:00,153150,Completada,Pago de Factura,
,2024-06-05 12:00:00,86902,Pendiente,Pago de Factura,
,2024-06-28 04:00:00,96457,Pendiente,Pago de Factura,
,2024-06-07 20:00:00,145586,Fallida,Pago de Factura,
,2024-07-15 19:00:00,163425,Fallida,Pago de Factura,
,2024-07-26 02:00:00,186218,Pendiente,Pago de Factura,
,2024-07-12 01:00:00,159000,Fallida,Pago de Factura,
,2024-07-21 21:00:00,94554,Pendiente,Pago de Factura,
,2024-07-26 11:00:00,152659,Fallida,Pago de Factura,
,2024-06-05 17:00:00,165021,Pendiente,Pago de Factura,
,2024-06-10 10:00:00,115066,Completada,Pago de Factura,
,2024-06-03 20:00:00,161029,Completada,Pago de Factura,
,2024-07-29 03:00:00,167924,Completada,Pago de Factura,
,2024-07-24 19:00:00,147991,Pendiente,Pago de Factura,
,2024-07-26 11:00:00,124048,Completada,Pago de Factura,
,2024-07-13 23:00:00,138162,Completada,Pago de Factura,
,2024-06-28 00:00:00,161137,Fallida,Pago de Factura,
,2024-06-17 03:00:00,35669,Fallida,Pago de Factura,
,2024-07-06 07:00:00,67867,Fallida,Pago de Factura,
,2024-07-25 20:00:00,58242,Fallida,Pago de Factura,
,2024-06-09 20:00:00,113319,Pendiente,Pago de Factura,
,2024-07-11 23:00:00,37708,Completada,Pago de Factura,
,2024-07-20 16:00:00,54969,Pendiente,Pago de Factura,
,2024-07-08 23:00:00,51411,Completada,Pago de Factura,
,2024-07-17 05:00:00,45233,Completada,Pago de Factura,
,2024-06-10 01:00:00,99926,Fallida,Pago de Factura,
,2024-06-20 12:00:00,31572,Completada,Pago de Factura,
,2024-06-14 03:00:00,123720,Pendiente,Pago de Factura,
,2024-07-29 14:00:00,17171,Fallida,Pago de Factura,
,2024-07-23 09:00:00,56259,Fallida,Pago de Factura,
,2024-06-20 22:00:00,196548,Fallida,Pago de Factura,
,2024-06-20 18:00:00,93635,Completada,Pago de Factura,
,2024-07-15 21:00:00,58585,Completada,Pago de Factura,
,2024-06-06 18:00:00,86244,Completada,Pago de Factura,
,2024-07-18 20:00:00,55572,Fallida,Pago de Factura,
,2024-06-21 06:00:00,50713,Fallida,Pago de Factura,
,2024-06-29 18:00:00,129480,Completada,Pago de Factura,
,2024-07-03 20:00:00,41657,Completada,Pago de Factura,
,2024-06-15 11:00:00,126084,Completada,Pago de Factura,
,2024-06-04 07:00:00,190936,Fallida,Pago de Factura,
,2024-06-21 21:00:00,78561,Fallida,Pago de Factura,
,2024-07-23 11:00:00,162844,Completada,Pago de Factura,
,2024-06-29 15:00:00,80235,Fallida,Pago de Factura,
,2024-06-18 00:00:00,158138,Pendiente,Pago de Factura,
,2024-06-06 15:00:00,101593,Pendiente,Pago de Factura,
,2024-06-22 03:00:00,103741,Pendiente,Pago de Factura,
,2024-07-04 02:00:00,41300,Pendiente,Pago de Factura,
,2024-06-19 11:00:00,89956,Completada,Pago de Factura,
,2024-07-13 05:00:00,165402,Completada,Pago de Factura,
,2024-07-04 09:00:00,106689,Pendiente,Pago de Factura,
,2024-06-14 11:00:00,22411,Completada,Pago de Factura,
,2024-06-27 05:00:00,11359,Pendiente,Pago de Factura,
,2024-06-08 10:00:00,79808,Pendiente,Pago de Factura,
,2024-07-05 21:00:00,42648,Pendiente,Pago de Factura,
,2024-06-03 05:00:00,101468,Pendiente,Pago de Factura,
,2024-06-21 17:00:00,115488,Pendiente,Pago de Factura,
,2024-07-26 00:00:00,61920,Completada,Pago de Factura,
,2024-07-23 20:00:00,141510,Fallida,Pago de Factura,
,2024-07-08 19:00:00,39792,Pendiente,Pago de Factura,
,2024-07-09 05:00:00,87689,Completada,Pago de Factura,
,2024-07-06 00:00:00,178739,Fallida,Pago de Factura,
,2024-07-27 10:00:00,105611,Fallida,Pago de Factura,
,2024-07-11 07:00:00,141787,Fallida,Pago de Factura,
